<?xml version="1.0" encoding="UTF-8"?>
<project-private xmlns="http://www.netbeans.org/ns/project-private/1">
    <editor-bookmarks xmlns="http://www.netbeans.org/ns/editor-bookmarks/2" lastBookmarkId="0"/>
    <open-files xmlns="http://www.netbeans.org/ns/projectui-open-files/2">
        <group>
            <file>file:/C:/Users/Dr.Salma/Documents/NetBeansProjects/Encryption_Decryption_System%20(2)/Encryption_Decryption_System/Encryption_Decryption_System/src/encryption_decryption_system/Main_Frame.java</file>
            <file>file:/C:/Users/Dr.Salma/Documents/NetBeansProjects/Encryption_Decryption_System%20(2)/Encryption_Decryption_System/Encryption_Decryption_System/src/encryption_decryption_system/Decryption_Cipher.java</file>
            <file>file:/C:/Users/Dr.Salma/Documents/NetBeansProjects/Encryption_Decryption_System%20(2)/Encryption_Decryption_System/Encryption_Decryption_System/src/encryption_decryption_system/Result_Encryption.java</file>
            <file>file:/C:/Users/Dr.Salma/Documents/NetBeansProjects/Encryption_Decryption_System%20(2)/Encryption_Decryption_System/Encryption_Decryption_System/src/encryption_decryption_system/Encrption_Cipher.java</file>
        </group>
    </open-files>
</project-private>
