<?xml version="1.0" encoding="UTF-8"?>
<project-private xmlns="http://www.netbeans.org/ns/project-private/1">
    <editor-bookmarks xmlns="http://www.netbeans.org/ns/editor-bookmarks/2" lastBookmarkId="0"/>
    <open-files xmlns="http://www.netbeans.org/ns/projectui-open-files/2">
        <group>
            <file>file:/D:/php/htdocs/MostTasty/Home.php</file>
            <file>file:/D:/php/htdocs/MostTasty/profile_header.php</file>
            <file>file:/D:/php/htdocs/MostTasty/db_config.php</file>
            <file>file:/D:/php/htdocs/MostTasty/favorite.php</file>
            <file>file:/D:/php/htdocs/MostTasty/check111.php</file>
            <file>file:/D:/php/htdocs/MostTasty/Profile.php</file>
            <file>file:/D:/php/htdocs/MostTasty/check_edit.php</file>
            <file>file:/D:/php/htdocs/MostTasty/mainDish.php</file>
            <file>file:/D:/php/htdocs/MostTasty/Home_After_signin.php</file>
        </group>
    </open-files>
</project-private>
