<?xml version="1.0" encoding="UTF-8"?>
<project-private xmlns="http://www.netbeans.org/ns/project-private/1">
    <editor-bookmarks xmlns="http://www.netbeans.org/ns/editor-bookmarks/2" lastBookmarkId="0"/>
    <open-files xmlns="http://www.netbeans.org/ns/projectui-open-files/2">
        <group>
            <file>file:/D:/php/htdocs/training/files.php</file>
            <file>file:/D:/php/htdocs/training/department-process.php</file>
            <file>file:/D:/php/htdocs/training/home.php</file>
            <file>file:/D:/php/htdocs/training/college-process.php</file>
            <file>file:/D:/php/htdocs/training/index.php</file>
            <file>file:/D:/php/htdocs/training/init.php</file>
            <file>file:/D:/php/htdocs/training/lang_ar.ini</file>
            <file>file:/D:/php/htdocs/training/functions.php</file>
            <file>file:/D:/php/htdocs/training/myfiles.php</file>
            <file>file:/D:/php/htdocs/training/header.php</file>
            <file>file:/D:/php/htdocs/training/file-process.php</file>
            <file>file:/D:/php/htdocs/training/supervisor-process.php</file>
            <file>file:/D:/php/htdocs/training/assets/css/style.css</file>
            <file>file:/D:/php/htdocs/training/coop-process.php</file>
            <file>file:/D:/php/htdocs/training/file-modal.php</file>
            <file>file:/D:/php/htdocs/training/student-process.php</file>
            <file>file:/D:/php/htdocs/training/files-table.php</file>
        </group>
    </open-files>
</project-private>
