<?xml version="1.0" encoding="UTF-8"?>
<project-private xmlns="http://www.netbeans.org/ns/project-private/1">
    <editor-bookmarks xmlns="http://www.netbeans.org/ns/editor-bookmarks/2" lastBookmarkId="0"/>
    <open-files xmlns="http://www.netbeans.org/ns/projectui-open-files/2">
        <group>
            <file>file:/C:/Users/Dr.Salma/Desktop/3Y1S/Software%20Engineering/project/NetBeansProjects%20I/NetBeansProjects%20I/Royal%20Hotel/Royal%20Hotel/src/royal/hotel/Customer.java</file>
            <file>file:/C:/Users/Dr.Salma/Desktop/3Y1S/Software%20Engineering/project/NetBeansProjects%20I/NetBeansProjects%20I/Royal%20Hotel/Royal%20Hotel/src/royal/hotel/View_all_reservation.java</file>
            <file>file:/C:/Users/Dr.Salma/Desktop/3Y1S/Software%20Engineering/project/NetBeansProjects%20I/NetBeansProjects%20I/Royal%20Hotel/Royal%20Hotel/src/royal/hotel/Customer_info.java</file>
            <file>file:/C:/Users/Dr.Salma/Desktop/3Y1S/Software%20Engineering/project/NetBeansProjects%20I/NetBeansProjects%20I/Royal%20Hotel/Royal%20Hotel/src/royal/hotel/Bill_afterBook.java</file>
            <file>file:/C:/Users/Dr.Salma/Desktop/3Y1S/Software%20Engineering/project/NetBeansProjects%20I/NetBeansProjects%20I/Royal%20Hotel/Royal%20Hotel/src/royal/hotel/Check_room_Availabilty.java</file>
            <file>file:/C:/Users/Dr.Salma/Desktop/3Y1S/Software%20Engineering/project/NetBeansProjects%20I/NetBeansProjects%20I/Royal%20Hotel/Royal%20Hotel/src/royal/hotel/View_Free_Service.java</file>
            <file>file:/C:/Users/Dr.Salma/Desktop/3Y1S/Software%20Engineering/project/NetBeansProjects%20I/NetBeansProjects%20I/Royal%20Hotel/Royal%20Hotel/src/royal/hotel/View_all_hotalroom.java</file>
        </group>
    </open-files>
</project-private>
